Id,Label
1,僕のヒーローアカデミア | Boku no Hero Academia | My Hero Academia
2,Haikyuu!!
3,Naruto
4,Shingeki no Kyojin | Attack on Titan
5,Miraculous Ladybug
6,Harry Potter - J. K. Rowling
7,Star Wars - All Media Types
8,Sherlock Holmes & Related Fandoms
9,TOLKIEN J. R. R. - Works & Related Fandoms
10,Dragon Age - All Media Types
11,Marvel
12,DCU
13,The Avengers (Marvel) - All Media Types
14,Captain America - All Media Types
15,Real Person Fiction
16,Video Blogging RPF
17,Actor RPF
18,Voltron: Legendary Defender
19,Minecraft (Video Game)
20,Marvel Cinematic Universe
21,K-pop
22,방탄소년단 | Bangtan Boys | BTS
23,Music RPF
24,One Direction (Band)
25,Bandom
26,Original Work
27,Doctor Who & Related Fandoms
28,Les Misérables - All Media Types
29,Hamilton - Miranda
30,Newsies - All Media Types
31,Be More Chill - Iconis/Tracz
32,Bishoujo Senshi Sailor Moon | Pretty Guardian Sailor Moon
33,Supernatural
34,Final Fantasy Series
35,Greek and Roman Mythology
36,Biohazard | Resident Evil (Gameverse)
37,Resident Evil
38,Resident Evil The Village
39,Lore Olympus (Webcomic)
40,鬼滅の刃 | Demon Slayer: Kimetsu no Yaiba (Anime)
41,鬼滅の刃 | Kimetsu no Yaiba (Manga)
42,Percy Jackson and the Olympians - Rick Riordan
43,Teen Wolf (TV)
44,teen wolf - Fandom
45,The Mummy
46,The Mummy Returns (2001)
47,魔入りました! 入間くん | Mairimashita! Iruma-kun | Welcome to Demon School! Iruma-kun (Manga)
48,백작가의 망나니가 되었다 - 유려한 | Trash of the Count's Family - Yulyeohan
49,Yu-Gi-Oh! Zexal
50,Yugioh
51,Yu-Gi-Oh! Duel Monsters (Anime &amp; Manga)
52,전지적 독자 시점 - 싱숑 | Omniscient Reader - Sing-Shong
53,呪術廻戦 | Jujutsu Kaisen (Manga)
54,呪術廻戦 | Jujutsu Kaisen (Anime)
55,Formula 1 RPF
56,Winx Club
57,Shameless (US)
58,地縛少年花子くん | Jibaku Shounen Hanako-kun | Toilet-bound Hanako-kun (Manga)
59,地縛少年花子くん | Jibaku Shounen Hanako-kun | Toilet-bound Hanako-kun (Anime)
60,Star Wars Sequel Trilogy
61,Pocket Monsters | Pokemon (Anime)
62,One Piece
63,Katekyou Hitman Reborn!
64,Pocket Monsters | Pokemon - All Media Types
65,Dragon Ball
66,文豪ストレイドッグス | Bungou Stray Dogs
67,Spider-Man (Tom Holland Movies)
68,Spider-Man - All Media Types
69,原神 | Genshin Impact (Video Game)
70,終わりのセラフ | Owari no Seraph | Seraph of the End
71,Dream SMP - Fandom
72,X-Men: First Class (2011) - Fandom
73,X-Men: Days of Future Past (2014) - Fandom
74,Star Wars Prequel Trilogy
75,Star Wars Original Trilogy
76,Sherlock (TV)
77,Sherlock Holmes &amp; Related Fandoms
78,Avatar: The Last Airbender
79,Agents of S.H.I.E.L.D. (TV)
80,Black Widow (Movie 2021)
81,The Avengers (Marvel Movies)
82,Dream SMP -Fandom
83,Origins SMP - Fandom
84,Captain America (Movies)
85,Fire Emblem: Fuukasetsugetsu | Fire Emblem: Three Houses
86,Fire Emblem Series
87,魔道祖师 - 墨香铜臭 | Módào Zǔshī - Mòxiāng Tóngxiù
88,陈情令 | The Untamed (TV)
89,Dream SMP-Fandom
90,東京卍リベンジャーズ | Tokyo Revengers (Manga)
91,東京卍リベンジャーズ | Tokyo Revengers (Anime)
92,RWBY
93,SK8 the Infinity (Anime)
94,Fruits Basket
95,Fruits Basket (Anime 2019)
96,Fruits Basket - Takaya Natsuki (Manga)
97,Given (Manga)
98,Given (Anime)
99,Yuri!!! on Ice (Anime)
100,ジョジョの奇妙な冒険 | JoJo no Kimyou na Bouken | JoJo's Bizarre Adventure
101,Glee
102,Harry Potter and the Cursed Child - Thorne &amp; Rowling
103,Harry Potter RPF
104,Harry Potter: Hogwarts Mystery (Video Game)
105,The Heroes of Olympus - Rick Riordan
106,The Trials of Apollo - Rick Riordan
107,Ancient Greek Religion &amp; Lore
108,EXO (Band)
109,Persona 5
110,Persona Series
111,EXO
112,TOMORROW X TOGETHER | TXT (Korea Band)
113,Stray Kids (Band)
114,Banana Fish (Anime &amp; Manga)
115,Chainsaw Man (Manga)
116,Stargate SG-1
117,Daredevil (TV)
118,Deadpool - All Media Types
119,The Punisher (TV 2017)
120,9-1-1 (TV)
121,人渣反派自救系统 - 墨香铜臭 | The Scum Villain's Self-Saving System - Mòxiāng Tóngxiù
122,Iron Man (Movies)
123,All For The Game - Nora Sakavic
124,Danny Phantom
125,Dreaming of Sunshine - Silver Queen
126,Terminator: Dark Fate (2019)
127,Percy Jackson and the Olympians &amp; Related Fandoms - All Media Types
128,Magnus Chase and the Gods of Asgard - Rick Riordan
129,RIORDAN Rick - Works
130,The Demigod Diaries - Rick Riordan
131,A Song of Ice and Fire - George R. R. Martin
132,Game of Thrones (TV)
133,Naruto Shippuden
134,Fullmetal Alchemist: Brotherhood &amp; Manga
135,Fullmetal Alchemist - All Media Types
136,Akatsuki no Yona | Yona of the Dawn
137,The Walking Dead (TV)
138,名探偵コナン | Detective Conan | Case Closed
139,Magic Kaito
140,Fate/Zero
141,Fate/stay night &amp; Related Fandoms
142,DCU (Comics)
143,Batman - All Media Types
144,Xenoblade Chronicles 2 (Video Game)
145,Xenoblade Chronicles
146,Cthulhu Mythos - H. P. Lovecraft
147,The Kane Chronicles - Rick Riordan
148,Bloodborne (Video Game)
149,Harry Potter - Fandom
150,The Hobbit - J. R. R. Tolkien
151,The Lord of the Rings - J. R. R. Tolkien
152,Yu-Gi-Oh!
153,Evolve (Video Game)
154,John Wick (Movies)
155,Addams Family - All Media Types
156,Thor (Movies)
157,Norse Religion &amp; Lore
158,Boruto: Naruto Next Generations
159,Justice League - All Media Types
160,Superman - All Media Types
161,Injustice: Gods Among Us
162,Justice League &amp; Justice League Unlimited (Cartoons)
163,Green Lantern (Comics)
164,Green Lantern - All Media Types
165,Hal Jordan and the Green Lantern Corps (Comics)
166,Batman (Comics)
167,Batman Eternal (Comics)
168,Hetalia: Axis Powers
169,19th Century CE RPF
170,18th Century CE RPF
171,American Revolution RPF
172,Turn (TV 2014)
173,Historical RPF
174,Bleach
175,幽☆遊☆白書 | YuYu Hakusho: Ghost Files
176,The Silmarillion and other histories of Middle-Earth - J. R. R. Tolkien
177,Kingdom Hearts
178,Kingdom Hearts (Video Games)
179,Final Fantasy VII (Video Game 1997)
180,Final Fantasy VII Remake (Video Game 2020)
181,Peaky Blinders (TV)
182,ATEEZ (Band)
183,The Boyz (Korea Band)
184,Far Cry 5
185,The Walking Dead &amp; Related Fandoms
186,The Walking Dead - All Media Types
187,Gintama
188,하루만 네가 되고 싶어 | I Want to Be You Just For a Day (Webcomic)
189,魔道祖师 | Módào Zǔshī (Cartoon)
190,魔道祖师 - 墨香铜臭 | Módào Zǔshī - Mò
191,天官赐福 - 墨香铜臭 | Tiān Guān Cì Fú - Mòxiāng Tóngxiù
192,Tales of Zestiria
193,穿書自救指南
194,Agent Carter (TV)
195,Merlin (TV)
196,Hockey RPF
197,Julie and The Phantoms (TV)
198,Red Robin (Comics)
199,The Mummy (2017)
200,Jessica Jones (TV)
201,Star Wars: The Clone Wars (2008) - All Media Types
202,Assassin's Creed - All Media Types
203,Marvel (Comics)
204,Marvel 616
205,Moon Knight (Comics)
206,Star Wars Episode VII: The Force Awakens (2015)
207,Top Gun (1986)
208,Star Wars: Clone Wars (2003) - All Media Types
209,Wiedźmin | The Witcher (Video Game)
210,Wiedźmin | The Witcher - All Media Types
211,Wiedźmin | The Witcher Series - Andrzej Sapkowski
212,Vikings (TV)
213,ワンパンマン | One-Punch Man
214,나 혼자만 레벨업 | Solo Leveling (Webcomic)
215,나 혼자만 레벨업 - 추공 | Solo Leveling | Only I Level Up - Chu-Gong
216,Hunter X Hunter
217,穿书自救指南 | Scumbag System (Cartoon)
218,Star Trek: Alternate Original Series (Movies)
219,Fantastic Beasts and Where to Find Them (Movies)
220,全职高手 - 蝴蝶蓝 | Quánzhí Gāoshǒu - Húdié Lán
221,Movie 2: Fantastic Beasts: The Crimes of Grindelwald - Fandom
222,better luck next time - Fandom
223,Phandom/The Fantastic Foursome (YouTube RPF)
224,Blue Period (Manga)
225,Blue Period (Anime)
226,Arthurian Mythology
227,陈情令 | The Untamed (TV) RPF
228,Fruits Basket (Anime)
229,Fairy Tail
230,Buffy the Vampire Slayer
231,Buffy the Vampire Slayer (TV)
232,Stranger Things (TV 2016)
233,The Hobbit - All Media Types
234,The Incredible Hulk (2008)
235,Deadpool (Movieverse)
236,Titans (TV 2018)
237,Teen Titans (Animated Series)
238,Coraline (2009)
239,Ben 10 Series
240,Generator Rex
241,Ultimate Spider-Man (Cartoon 2012)
242,Anne with an E (TV)
243,Anne of Green Gables - L. M. Montgomery
244,Powerpuff Girls
245,Young Justice (Cartoon)
246,Young Justice
247,Young Justice - All Media Types
248,Infinity Train (Cartoon)
249,Gravity Falls
250,Monster High
251,The Hollow (Cartoon)
252,Compilation of Final Fantasy VII
253,Crisis Core: Final Fantasy VII
254,Final Fantasy VII: Advent Children
255,Dirge of Cerberus: Final Fantasy VII
256,Before Crisis: Final Fantasy VII
257,On The Way To A Smile: Final Fantasy VII
258,Final Fantasy VII Lateral Biography: TURKS ~The Kids Are Alright~ - Nojima Kazushige
259,Final Fantasy VII: Painting the Past - Nojima Kazushige
260,Avatar: Legend of Korra
261,Lego Ninjago
262,Uncharted (Video Games)
263,Spider-Man: Homecoming (2017)
264,The Legend of Zelda &amp; Related Fandoms
265,Linked Universe - Fandom
266,The Legend of Zelda: Breath of the Wild
267,The Falcon and the Winter Soldier (TV)
268,Mystic Messenger (Video Game)
269,斉木楠雄のΨ難 | Saiki Kusuo no Sai-nan | The Disastrous Life of Saiki K.
270,Heroes of Olympus - Rick Riordan
271,Stranger Things - Fandom
272,Nanami Kento stans
273,Merlin (BBC)
274,Kyou Kara Maou!
275,Free!
276,Ranma 1/2
277,Hannibal (TV)
278,Hannibal - Fandom
279,Hannibal Lecter Series - All Media Types
280,A Court of Thorns and Roses Series - Sarah J. Maas
281,High School Musical: The Musical: The Series (TV)
282,Batman: The Animated Series
283,Black Widow (Movie 2020)
284,She-Ra and the Princesses of Power (2018)
285,She-Ra and the Princesses of Power
286,She-Ra: Princess Of Power
287,She-Ra - All Media Types
288,Atypical (TV 2017)
289,One Day at a Time (TV 2017)
290,Pitch Perfect (Movies)
291,Power Rangers (2017)
292,Wynonna Earp (TV)
293,Supergirl (TV 2015)
294,Booksmart (2019)
295,Mortal Instruments Series - Cassandra Clare
296,The Umbrella Academy (TV)
297,The Umbrella Academy (Comics)
298,20th Century CE RPF
299,Riverdale (TV 2017)
300,The Owl House (Cartoon)
301,Wolfstar - Fandom
302,Outlander Series - Diana Gabaldon
303,Outlander (TV)
304,Outlander &amp; Related Fandoms
305,Lord John Series - Diana Gabaldon
306,Black Sails
307,Outlander
308,Bandolera
309,ダイヤのA | Daiya no A | Ace of Diamond
310,Kuroko no Basuke | Kuroko's Basketball
311,X-Men (Movies)
312,Spider-Man: Far From Home
313,Dragon Age: Inquisition
314,The Hobbit (Jackson Movies)
315,Peter Pan - J. M. Barrie
316,Dragon Age (Video Games)
317,Dragon Age II
318,A Song of Ice and Fire &amp; Related Fandoms
319,The Lord of the Rings - All Media Types
320,Rogue One: A Star Wars Story (2016)
321,Doctor Who (2005)
322,Star Wars Episode VII: The Force Awakens
323,Star Wars Episode VIII: The Last Jedi
324,The OA (TV)
325,The Folk of the Air - Holly Black
326,Pirates of the Caribbean (Movies)
327,Victoria (TV)
328,Vicbourne - Fandom
329,lord melbourne - Fandom
330,Elementary (TV)
331,Aladdin (1992)
332,Peter Pan (2003)
333,Pride and Prejudice - Jane Austen
334,AUSTEN Jane - Works
335,Dark Knight Rises (2012)
336,Boku no Hero Academia Vigilantes
337,Batman and Robin (Comics)
338,Nightwing (Comics)
339,Midnight Poppy Land (Webcomic)
340,anime - Fandom
341,Manga - Fandom
342,殺戮の天使 | Satsuriku no Tenshi (Video Game)
343,殺戮の天使 | Satsuriku no Tenshi | Angels of Death (Anime)
344,殺戮の天使 | Satsuriku no Tenshi | Angels of Death (Manga)
345,Star Wars Episode VIII: The Last Jedi (2017)
346,James Bond (Craig Movies)
347,James Bond (Movies)
348,Skyfall (2012) - Fandom
349,Spooks | MI-5
350,X-Men (Movieverse)
351,James Bond - All Media Types
352,Criminal Minds (US TV)
353,NCIS
354,Resident Evil (Movieverse)
355,Suits (US TV)
356,White Collar
357,Midnight Mass (TV)
358,Star Trek: The Original Series
359,Star Trek
360,Star Trek: Strange New Worlds
361,Star Trek: Discovery
362,The Avengers (2012)
363,The Sandman
364,The Grisha Trilogy - Leigh Bardugo
365,Marvel (Movies)
366,Star Wars: The Rise of Skywalker
367,Star Wars: The Last Jedi (2017)
368,Angel: the Series
369,Lucifer (TV)
370,Rome (TV 2005)
371,Firefly
372,The Mandalorian (TV)
373,The Witcher (TV)
374,Bones (TV)
375,Marvel Avengers Movies Universe
376,Law &amp; Order: SVU
377,Rhett &amp; Link
378,Phantom of the Opera - Lloyd Webber
379,Le Fantôme de l'Opéra | Phantom of the Opera &amp; Related Fandoms
380,Ouran High School Host Club - All Media Types
381,Le Fantôme de l'Opéra | Phantom of the Opera - Gaston Leroux
382,Lord of the Rings - J. R. R. Tolkien
383,Chronicles of Narnia - C. S. Lewis
384,MCU
385,Deadpool (2016)
386,X-Men (Alternate Timeline Movies)
387,SPECTRE (2015)
388,Sherlock Holmes - Arthur Conan Doyle
389,Cookie Run (Video Game)
390,Detective Conan
391,Minecraft: Story Mode - Fandom
392,White Collar (TV 2009)
393,Big Hero 6 (2014)
394,Tasertricks - Fandom
395,Black Panther (2018)
396,Black Widow (Comics)
397,Captain Marvel (2019)
398,Captain Marvel (Marvel Comics)
399,Iron Man (Comics)
400,Kuroshitsuji | Black Butler
401,two two one bravo baker - Fandom
402,Two Two One Bravo Baker Series
403,The Hobbit
404,The Hobbit (2012)
405,Warhammer 40k (Novels) - Various Authors
406,Horus Heresy - Various Authors
407,Warhammer 40.000
408,The Lord of the Rings (Movies)
409,Critical Role (Web Series)
410,Stormlight Archive - Brandon Sanderson
411,The Alloy of Law - Brandon Sanderson
412,Cosmere - Brandon Sanderson
413,Fandom - Fandom
414,No Fandom
415,Good Omens (TV)
416,Doctor Strange (2016)
417,Loki (TV 2021)
418,Marvel Dr. Strange
419,Red White &amp; Royal Blue - Casey McQuiston
420,山河令 | Word of Honor (TV 2021)
421,Detroit: Become Human (Video Game)
422,Rise of the Guardians (2012)
423,Sherlock (TV) RPF
424,Supernatural RPF
425,Eternals (Movie 2021)
426,IT - Stephen King
427,IT (2019)
428,X-Men - All Media Types
429,It Happened One Night (1934)
430,Sherlock - Fandom
431,Stardew Valley (Video Game)
432,Creepypasta - Fandom
433,The Texas Chainsaw Massacre (Movies)
434,Dead by Daylight (Video Game)
435,Phantom - Susan Kay
436,Transformers - All Media Types
437,Julie and The Phantoms (TV 2020)
438,Twilight
439,Twilight Series - Stephenie Meyer
440,SEVENTEEN (Band)
441,TOLKIEN J. R. R. - Works &amp; Related Fandoms
442,Star Trek (2009)
443,The Song of Achilles - Madeline Miller
444,Squid Game (TV 2021)
445,Shadowhunters (TV)
446,The Shadowhunter Chronicles - All Media Types
447,The Shadowhunter Chronicles - Cassandra Clare
448,Avengers (Comics)
449,Batman (Movies - Nolan)
450,Amazing Spider-Man (2012)
451,Venom (Movie 2018)
452,天盛长歌 | The Rise of Phoenixes (TV)
453,乱魄 | Fatal Journey (2020)
454,Tsubasa: Reservoir Chronicle
455,Pride and Prejudice &amp; Related Fandoms
456,Criminal Minds
457,Quantum Leap
458,Alien vs Predator (2004)
459,Predator Original Series (1987-1990)
460,Predators (2010)
461,Aliens vs Predators Series - Various Authors
462,Twilight (Movies)
463,Twilight Series - All Media Types
464,step - Fandom
465,Hermitcraft RPF
466,Hermitcraft
467,Suits (TV)
468,Brokeback Mountain (2005)
469,Brokeback Mountain - All Media Types
470,Brokeback Mountain - Annie Proulx
471,Merlin - Fandom
472,Life and Death - Stephenie Meyer
473,Fast and the Furious Series
474,Kingsman: The Secret Service (2015)
475,The Fast and the Furious (2001)
476,Iron Man - All Media Types
477,Captain America (Comics)
478,山河令 | Word of Honor (TV 2021) RPF
479,Dragon Age
480,Dragon Age 4 (speculations)
481,Veronica Mars (TV)
482,Veronica Mars (Movie 2014)
483,Veronica Mars - All Media Types
484,Dragon Age: Origins
485,Gilmore Girls
486,The Magnus Archives (Podcast)
487,The Penumbra Podcast
488,The Adventure Zone (Podcast)
489,Elder Scrolls V: Skyrim
490,Elder Scrolls
491,Spartacus Series (TV)
492,Star Trek: Deep Space Nine
493,Chronicles of Narnia - All Media Types
494,Doctor Who
495,Mass Effect
496,The Sentinel
497,Smallville
498,Highlander
499,Good Omens - Neil Gaiman &amp; Terry Pratchett
500,Guardians of the Galaxy (Movies)
501,Mass Effect Trilogy
502,Mass Effect - All Media Types
503,Dragon Age - Various Authors
504,Mass Effect 2 - Fandom
505,Harry Potter - Rowling
506,Star Wars Legends - All Media Types
507,Final Fantasy VII
508,Final Fantasy XV
509,Final Fantasy VIII
510,Final Fantasy XIII Series
511,Lightning Returns: Final Fantasy XIII
512,Gyakuten Saiban | Ace Attorney
513,Отблески Этерны - Вера Камша | Otbleski Eterny - Vera Kamsha
514,天涯客 | Faraway Wanderers - priest
515,Men's Hockey RPF
516,Multi-Fandom
517,七爷 | Qi Ye - priest
518,Death Note (Anime &amp; Manga)
519,Honestly It's Just Set In Gotham
520,Choose whichever continuity fits best in your head
521,Mass Effect: Andromeda
522,GreedFall (Video Game)
523,Dishonored (Video Games)
524,Assassin's Creed
525,Dishonored (Video Game)
526,Castlevania (Cartoon)
527,Leverage
528,Fake News
529,Star Wars
530,The Avengers - Ambiguous Fandom
531,Captain America
532,Roswell New Mexico (TV 2019)
533,Vampire Diaries (TV)
534,Shadow and Bone (TV)
535,The Vampire Diaries (TV)
536,Klaroline - Fandom
537,Night at the Museum (Movies)
538,Night at the Museum (2006 2009)
539,How to Train Your Dragon (Movies)
540,Hawkeye (Comics)
541,Hawkguy - Fandom
542,Six of Crows Series - Leigh Bardugo
543,ビースターズ | BEASTARS
544,The Walking Dead (Video Game)
545,Hell's Kitchen (US TV) RPF
546,Hotel Hell RPF
547,MasterChef (US) RPF
548,MasterChef (TV) RPF
549,MasterChef (UK) RPF
550,Deadpool (Comics)
551,Spider-Man (Comicverse)
552,Among Us (Video Game)
553,spideypool - Fandom
554,The Amazing Spider-Man (Movies - Webb)
555,Carry On Series - Rainbow Rowell
556,Venom (Marvel Movies)
557,Spider-Man/Deadpool - Joe Kelly (Comics)
558,Cable and Deadpool
559,Frozen (Disney Movies)
560,Batman v Superman: Dawn of Justice
561,DC Extended Universe
562,DCEU
563,Justice League (2017)
564,1917 (Movie 2019)
565,Dunkirk (2017)
566,Ghosts (TV 2019)
567,Winter Soldier (Comics)
568,Iron Man (Comic)
569,Check Please! (Webcomic)
570,The Martian (2015)
571,Original - Fandom
572,Knives Out (2019)
573,Thor (2011)
574,Maleficent (Disney Movies)
575,Ant-Man (Movies)
576,Phineas and Ferb
577,Phineas and Ferb the Movie: Across the 2nd Dimension (2011)
578,镇魂 | Guardian (TV)
579,镇魂 | Guardian - priest
580,人渣反派自救系统 - 墨香铜臭 | The Scum Villain's Self-Saving System - Mòxiāng Tóngshiù
581,The Scum Villain's Self-Saving System (人渣反派自救系统)
582,Warcraft - All Media Types
583,World of Warcraft
584,Stargate Atlantis
585,9-1-1: Lone Star (TV 2020)
586,JAG
587,The Sentinel (TV)
588,Various Fandoms - Fandom
589,Psych
590,Hawaii Five-0 (2010)
591,Parahumans Series - Wildbow
592,Digimon - All Media Types
593,Neon Genesis Evangelion
594,Birds of Prey (Comic)
595,Injustice 2
596,Superman (Comics)
597,Booster Gold (Comics)
598,Persona 4
599,Persona 3
600,Gor Chronicles - John Norman
601,Star Wars: The Bad Batch (Cartoon)
602,Star Wars: Rebels
603,Nier Gestalt | Nier
604,NieR Gestalt | NieR Replicant | NieR (Video Games)
605,Star Wars Legends: Knights of the Old Republic (Video Games)
606,Drag-On Dragoon | Drakengard
607,NieR: Automata (Video Game)
608,Dimension 20 (Web Series)
609,Birds of Prey (And the Fantabulous Emancipation of One Harley Quinn) (2020)
610,Harley Quinn (Cartoon 2019)
611,Teen Titans - All Media Types
612,Wonder Woman - All Media Types
613,Superman &amp; Lois (TV 2021)
614,Batman: Wayne Family Adventures (Webcomic)
615,Arrow (TV 2012)
616,World's Finest (Comics)
617,逆転裁判 | Gyakuten Saiban | Ace Attorney
618,IT (Movies - Muschietti)
619,二哈和他的白猫师尊 - 肉包不吃肉 | The Husky and His White Cat Shizun - Meatbun Doesn't Eat Meat
620,Welcome to Night Vale
621,Fantastic Four (Movies 2005-2007)
622,Thor - All Media Types
623,Cyberpunk 2077 (Video Game)
624,DC - Fandom
625,Kushiel's Legacy - Jacqueline Carey
626,Kings (TV 2009)
627,Red Hood and the Outlaws (Comics)
628,Under the Red Hood
629,Worm - Fandom
630,Celtic Mythology
631,Chinese Mythology
632,Irish Mythology
633,Japanese Mythology
634,Mesopotamian Mythology
635,Native American/First Nations Mythology
636,Slavic Mythology &amp; Folklore
637,DCU - Comicverse
638,Teen Titans (Comics)
639,Titans (Comics)
640,Batgirl (Comics)
641,Batman: Under the Red Hood (2010)
642,Detective Comics (Comics)
643,Robin (Comics)
644,The Maze Runner (Movies)
645,The Maze Runner Series - All Media Types
646,The Maze Runner Series - James Dashner
647,Inception (2010)
648,Star Wars Legends: X-Wing Series - Aaron Allston &amp; Michael Stackpole
649,Star Wars Legends: X-wing Series - All Media Types
650,Jurassic Park (Movies)
651,Young Avengers
652,Hark! A Vagrant
653,Fantastic Four (Comicverse)
654,Community
655,Inspector Spacetime
656,Beauty and the Beast (1991)
657,Black Books
658,Alex Rider - Anthony Horowitz
659,99 Red Balloons (Song)
660,Star Wars: New Jedi Order Era - Various
661,Pandemic
662,Buzzfeed Unsolved (Web Series)
663,Calvin &amp; Hobbes
664,Fate/Grand Order
665,Jumpchain
666,Dark Souls III
667,Dark Souls (Video Games)
668,Worm - Wildbow
669,DC Elseworlds
670,Constantine (Comic)
671,American Dragon: Jake Long
672,Randy Cunningham: 9th Grade Ninja
673,Xiaolin Showdown (Cartoon)
674,Fairly OddParents
675,The Spectacular Spider-Man (Cartoon)
676,Spider-Man (Cartoon 2017)
677,Helluva Boss (Web Series)
678,Iron Man - Fandom
679,Marevel Universe
680,Marvel Universe - Fandom
681,The Defenders (Marvel TV)
682,Sweater Weather - Lumosinlove
683,Star Wars Legends: Jedi Apprentice Series - Jude Watson &amp; Dave Wolverton
684,Cabin Pressure
685,Ex Machina (2015)
686,Richard III - Shakespeare
687,The Musketeers (2014)
688,This Is Where I Leave You (2014)
689,Star Wars Episode III: Revenge of the Sith
690,Captain America (2011)
691,The Half of It (2020)
692,Fantastic Four
693,Daredevil (Comics)
694,LinkedUniverse - Fandom
695,Cinderella (Fairy Tale)
696,Incel
697,Virgin vs Chad Meme
698,악마판사 | The Devil Judge (TV)
699,Dracula - Bram Stoker
700,La casa de papel | Money Heist (TV)
701,Undertale (Video Game)
702,New Dangan Ronpa V3: Everyone's New Semester of Killing
703,Dangan Ronpa - All Media Types
704,Super Dangan Ronpa 2
705,Escape the Night (Web Series)
706,Scooby Doo - All Media Types
707,escape the night - Fandom
708,Luca (2021)
709,Boy Meets World
710,Wizards of Waverly Place
711,Suite Life of Zack &amp; Cody
712,Suite Life on Deck
713,The Originals (TV)
714,The Vampire Diaries &amp; Related Fandoms
715,Legacies (TV 2018)
716,大神 | Okami
717,Sally Face (Video Games)
718,DreamSMP
719,mcyt
720,Dream SMP (Video Blogging RPF)
721,DSMP - Fandom
722,ヴァ二タスの手記 - 望月淳 | Vanitas no Carte | The Case Study of Vanitas - Mochizuki Jun (Manga)
723,Shall We Date?: Obey Me!
724,Death Note &amp; Related Fandoms
725,Transformers: Prime
726,Teenage Mutant Ninja Turtles (TV 2003)
727,Teenage Mutant Ninja Turtles - All Media Types
728,Hades (Video Game 2018)
729,Merlin BBC
730,Dream SMP (Roleplay Canon)
731,Dream Team RPF
732,dreamnotfound - Fandom
733,karlnap - Fandom
734,Tokyo Ghoul
735,Assassination Classroom
736,The Batman (Cartoon)
737,Green Arrow - All Media Types
738,Haitian Mythology
739,Hannibal Lecter Tetralogy - Thomas Harris
740,Tokyo Mew Mew
741,Mew Mew Power
742,Good Omens (Radio)
743,"תנ""ך | Tanakh"
744,Christian Bible (Old Testament)
745,Mesopotamian RPF
746,Diabolik Lovers
747,Overwatch (Video Game)
748,Spider-Man: Into the Spider-Verse (2018)
749,Arthurian Mythology &amp; Adaptations - All Media Types
750,Villainous (Cartoon)
751,Villainous
752,Five Nights at Freddy's
753,Steven Universe (Cartoon)
754,Dreaming of Sunshine
755,DoS - Fandom
756,Deltarune (Video Game)
757,LISA (Video Games)
758,LISA: The Pointless
759,Ever After High
760,OMORI (Video Game)
761,Jurassic World: Camp Cretaceous (Cartoon)
762,Dark Tower - Stephen King
763,Voltron - Fandom
764,vld - Fandom
765,Voltron: Defender of the Universe (1984)
766,Young Royals (TV 2021)
767,The Last of Us
768,Harley Quinn (Comics)
769,Suicide Squad (2016)
770,Suicide Squad (Comics)
771,Adam (2009)
772,Charlie Countryman (2013)
773,Inglourious Basterds (2009)
774,King Arthur (2004)
775,Labyrinth (1986)
776,Red Dragon - Thomas Harris
777,Red Hood: Lost Days
778,Supernatural RPS
779,Fantastic Four (Movieverse)
780,Cemetery Boys - Aiden Thomas
781,Voltron: Defender of the Universe
782,Raven Cycle - Maggie Stiefvater
783,Game Grumps
784,GOT7
785,Stardust - All Media Types
786,Trollhunters (Cartoon)
787,Final Space (Cartoon)
788,resident evil village
789,Minecraft - Fandom
790,Dream SMP (Fandom)
791,Rick and Morty
792,Outer Banks (TV)
793,Peaky Blinders
794,The Boys (TV 2019)
795,Pathfinder (Roleplaying Game)
796,Dungeons &amp; Dragons - All Media Types
797,Dungeons &amp; Dragons (Roleplaying Game)
798,盗墓笔记 - 南派三叔 | The Grave Robbers' Chronicles - Xu Lei
799,沙海 | Tomb of the Sea (TV)
800,盗墓笔记重启 | The Lost Tomb Reboot (TV)
801,怒海潜沙&amp;秦岭神树 | Explore with the Note &amp; The Lost Tomb (TV)
802,盗墓笔记 | The Lost Tomb (TV 2015)
803,终极笔记 | Ultimate Note (TV)
804,My Chemical Romance
805,Gerard Way - Fandom
806,Stigmata (1999)
807,TXT (Korea Band)
808,BLACKPINK (Band)
809,Mamamoo
810,The Academy Is...
811,Cobra Starship
812,Panic! at the Disco
813,Fall Out Boy
814,Black Veil Brides
815,Gerard Way and the Hormones
816,frnkiero andthe cellabration
817,Bill &amp; Ted (Movies)
818,Venom (Comics)
819,Night In The Woods (Video Game)
820,天空の城ラピュタ | Tenkuu no Shiro Laputa | Laputa: Castle in the Sky
821,Fantastic Mr. Fox
822,Back to the Future (Movies)
823,The Muppet Show
824,どうぶつの森 | Animal Crossing Series
825,Falsettos - Lapine/Finn
826,Comics Industry RPF
827,Black Parade - My Chemical Romance (Album)
828,Frank Iero and the Patience
829,Frank Iero and the FV
830,Frank Iero and the Future Violents (Band)
831,Paramore
832,New Found Glory (Band)
833,The Used
834,Frank Iero - Fandom
835,HIM (Band)
836,The Social Network (2010)
837,Social Network (2010)
838,It's Always Sunny in Philadelphia
839,Archie Comics &amp; Related Fandoms
840,Danger Days: The True Lives of the Fabulous Killjoys (Album)
841,Red Hood/Arsenal (Comics)
842,Attack on Titan
843,Saw (Movies)
844,Panic At The Disco
845,MCR - Fandom
846,Pencey Prep
847,Hesitant Alien - Gerard Way (Album)
848,Newsies!: the Musical - Fierstein/Menken
849,Chronicles of Narnia (Movies)
850,Torchwood
851,Dead Poets Society (1989)
852,Zayn Malik (Musician)
853,One Direction
854,Fine Line - Harry Styles (Album)
855,Monsta X (Band)
856,Grayson (Comics)
857,Midnighter (Comics)
858,Midnighter and Apollo (Comics)
859,The Flash (Comics)
860,The Flash (TV 2014)
861,DC's Legends of Tomorrow (TV)
862,The Maze Runner (2014)
863,Twenty One Pilots
864,Downton Abbey
865,The Magnificent Seven (2016)
866,Army of the Dead (Movie 2021)
867,Army of the Dead (Movies 2021)
868,Fast &amp; Furious (Movies)
869,Hobbs &amp; Shaw (2019)
870,빈센조 | Vincenzo (TV)
871,The World's End (2013)
872,The Cornetto Trilogy
873,Dangan Ronpa: Trigger Happy Havoc
874,Solo: A Star Wars Story (2018)
875,Star Wars: Rise of Empire Era - All Media Types
876,Fleabag (TV)
877,IT (2017)
878,Rooster Teeth/Achievement Hunter RPF
879,South Park
880,FinnPoe - Fandom
881,Stormpilot - Fandom
882,All the Young Dudes - Fandom
883,Day6 (Band)
884,Watch Dogs (Video Games)
885,Ohmtoonz - Fandom
886,Vanoss
887,Ohmwrecker - Fandom
888,CaRtOoNz - Fandom
889,Vanosscrew
890,Moosnuckle - Fandom
891,theterroriser
892,H20DELIRIOUS
893,Dream Team - Fandom
894,Life is Strange (Video Game)
895,Taylor Swift (Musician)
896,Karlie Kloss - Fandom
897,Karlie Kloss (Model)
898,Kaylor - Fandom
899,Warriors - Erin Hunter
900,Undertale
901,Merciful Asriel AU
902,Super Sons (Comics)
903,humans are space orcs - Fandom
904,Over the Garden Wall (Cartoon &amp; Comics)
905,Metal Family (Cartoon)
906,InuYasha - A Feudal Fairy Tale
907,Far Cry (Video Games)
908,Star Wars Episode II: Attack of the Clones
909,Dreaming of Sunshine - SilverQueen
910,Untitled Goose Game (Video Game)
911,Hunger Games Trilogy - Suzanne Collins
912,Young Justice (Comics)
913,The 100 (TV)
914,Star Wars Legends: Republic Commando Series - Karen Traviss
915,DreamSMP - Fandom
916,Minecraft diaries - Fandom
917,resident evil 8
918,Resident Evil VIII
919,Resident Evil: Village
920,Bendy and the Ink Machine
921,Feraltale - Alternate Universe
922,Beasttale - Alternate Universe
923,Underfell - Fandom
924,The Transformers (IDW Generation One)
925,SCP Foundation
926,Jurassic World (2015)
927,Hazbin Hotel (Web Series)
928,Ocean's Eleven Trilogy (Movies) RPF
929,The Iliad - Homer
930,Toy Story (1995)
931,Toy Story (Movies)
932,Assassin's Creed Odyssey
933,Tetsuwan Atom | Astro Boy
934,Pluto (Manga)
935,Avengers
936,Superman - Fandom
937,Amazing Spiderman - Fandom
938,X-Men
939,Yu Yu Hakusho
940,Incredible Hulk (2008)
941,Kingsman (Movies)
942,Addams Family (1991)
943,The Addams Family (Movies)
944,Dangan Ronpa 3: The End of 希望ヶ峰学園 | The End of Kibougamine Gakuen | End of Hope's Peak High School
945,British Royalty RPF
946,Harry Potter - J. K. Remo
947,infinity war - Fandom
948,The Flash - All Media Types
949,進撃の巨人 | Shingeki no Kyojin | Attack on Titan (Movies)
950,Guardians of the Galaxy - All Media Types
951,Guardians of the Galaxy (Comics)
952,Shadowhunter Chronicles - Cassandra Clare
953,Les Misérables (2012)
954,Les Misérables - Schönberg/Boublil
955,Les Misérables - Victor Hugo
956,The Old Guard (Movie 2020)
957,The Mortal Instruments Series - Cassandra Clare
958,If We Were Villains - M.L. Rio
959,Captive Prince
960,Captive Prince - C. S. Pacat
961,Withnail &amp; I (1986)
962,Withnail &amp; I
963,Blitz (2011)
964,Constantine (2005)
965,Juno Steel - Fandom
966,What's Your Number? (2011)
967,six the musical
968,Phantom of the Opera (2004)
969,Love Never Dies - Lloyd Webber
970,Les Miserables
971,Be More Chill
972,Spies Are Forever - Talkfine/Tin Can Brothers
973,ヒプノシスマイク | Hypnosis Mic (Albums)
974,Johnny's Entertainment
975,Sexy Zone
976,American Idol RPF
977,Stargate - All Series
978,Sanctuary (TV)
979,The Blacklist (US TV)
980,Moana Cast RPF
981,Hamilton - Miranda (Broadway Cast) RPF
982,Batman - Fandom
983,Nightwing - Fandom
984,Deathstroke the Terminator (Comics)
985,Pentagon (Korea Band)
986,潮音战纪 | Chao Yin Zhan Ji
987,2 Fast 2 Furious (2003)
988,Succession (TV 2018)
989,Harry Potter - J.K. Rowling
990,PIERCE Tamora - Works
991,Tortall - Tamora Pierce
992,Person of Interest (TV)
993,Mad Men
994,Justified
995,18th &amp; 19th Century CE RPF
996,The Exorcist (TV)
997,Harry Styles - Fandom
998,Pirates of the Caribbean
999,Witcher - Fandom
1000,Ao no Exorcist | Blue Exorcist
1001,Coco (2017)
1002,Encanto (2021)
1003,Once Upon a Time (TV)
1004,The Devil Wears Prada (2006)
1005,The Frisco Kid
1006,MASH (TV)
1007,due South
1008,Newsies (1992)
1009,L.A. Confidential (1997)
1010,Jesus Christ Superstar - All Media Types
1011,The West Wing
1012,Monty Python and the Holy Grail (1975)
1013,The Matrix (Movies)
1014,Voyagers! (TV)
1015,Indiana Jones Series
1016,The Greatest American Hero
1017,The Tick (2001)
1018,The A-Team (TV)
1019,Dogma (1999)
1020,The X-Files
1021,Miracles (TV)
1022,Buck Rogers in the 25th Century
1023,From the Earth to the Moon (TV)
1024,Le Voyage dans La Lune | A Trip to the Moon (1902)
1025,Mystery Science Theater 3000
1026,Galaxy Quest (1999)
1027,Battlestar Galactica (1978)
1028,Battlestar Galactica (2003)
1029,The Dead Zone
1030,Hercules: The Legendary Journeys
1031,Twilight Zone
1032,Lost
1033,The Adventures of Buckaroo Banzai Across The 8th Dimension (1984)
1034,Odyssey 5
1035,Max Headroom (TV)
1036,The Invisible Man (TV 2000)
1037,Hair - Fandom
1038,A Clockwork Orange (1971)
1039,Alias (TV)
1040,The Man From U.N.C.L.E. (TV)
1041,Doctor Who (1963)
1042,Monty Python's Flying Circus
1043,The Beatles
1044,Hawaii Five-O (1968)
1045,Sherlock Holmes (1965 TV)
1046,Dark Shadows (1966)
1047,Blake's 7
1048,The Professionals
1049,Starsky &amp; Hutch
1050,Star Wars Episode IV: A New Hope
1051,Star Wars Episode V: Empire Strikes Back
1052,Rocky Horror Picture Show
1053,Led Zeppelin
1054,Star Trek: The Original Series (Movies)
1055,Raffles - E. W. Hornung
1056,Yes Minister
1057,Young Sherlock Holmes (1985)
1058,Batman (Movies 1989-1997)
1059,Miami Vice (TV)
1060,Another Country (1984)
1061,Kiss of the Spider Woman - All Media Types
1062,This is Spinal Tap (1984)
1063,Blade Runner (1982)
1064,Sherlock Holmes (1984 TV)
1065,The Outsiders (1983)
1066,Wiseguy
1067,21 Jump Street (TV)
1068,Lost Boys (1987)
1069,The Goonies (1985)
1070,Red Dwarf
1071,Star Trek: The Next Generation
1072,Alien Nation
1073,The Sandbaggers
1074,Beauty and the Beast (TV 1987)
1075,Princess Bride (1987)
1076,Robin of Sherwood
1077,The Real Ghostbusters
1078,Remington Steele (TV)
1079,3rd Rock from the Sun
1080,Xena: Warrior Princess
1081,Friends (TV)
1082,Oz (TV)
1083,Sports Night
1084,Homicide: Life on the Street
1085,Star Trek: Voyager
1086,Queer as Folk (US)
1087,Hard Core Logo (1996)
1088,Highlander: The Series
1089,Mighty Morphin Power Rangers
1090,Popslash
1091,NSYNC
1092,The Simpsons
1093,Hornblower (TV)
1094,Jeeves &amp; Wooster
1095,Queer as Folk (UK)
1096,The Magnificent Seven (TV)
1097,Farscape
1098,Forever Knight
1099,History Boys (2006)
1100,Band of Brothers
1101,Prison Break
1102,Troy (2004)
1103,The Lord of the Rings RPF
1104,High School Musical (Movies)
1105,Community (TV)
1106,Castle
1107,Sleeper Cell
1108,Heroes (TV)
1109,Robin Hood (BBC 2006)
1110,Legend of the Seeker
1111,Life on Mars (UK)
1112,The L Word
1113,Slings &amp; Arrows
1114,Sherlock Holmes (Downey films)
1115,Fringe
1116,Grey's Anatomy
1117,Top Gear (UK) RPF
1118,Being Human (UK)
1119,The Daily Show
1120,Colbert Report RPF
1121,The Rachel Maddow Show
1122,Anderson Cooper 360
1123,Fake News RPF
1124,Persepolis - Marjane Satrapi
1125,How I Met Your Mother
1126,Terminator: The Sarah Connor Chronicles
1127,Rent - Larson
1128,Dexter (TV)
1129,House M.D.
1130,Bend It Like Beckham (2002)
1131,Om Shanti Om (2007)
1132,The Middleman (TV)
1133,Star Trek: Enterprise
1134,Robin Hood - All Media Types
1135,Doctor Who &amp; Related Fandoms
1136,A Very Potter Musical Series - Team StarKid
1137,Blood Drips on Newsies Square
1138,Harry and the Potters
1139,Star Wars: Revelations
1140,Genghis Khan - Miike Snow (Music Video)
1141,Jonathan Strange &amp; Mr. Norrell - Susanna Clarke
1142,Jonathan Strange &amp; Mr. Norrell (TV)
1143,Jonathan Strange &amp; Mr Norrell - Susanna Clarke
1144,Jonathan Strange &amp; Mr Norrell &amp; Related Fandoms
1145,Homestuck
1146,Babylon 5
1147,Cobra Kai (Web Series)
1148,Karate Kid (Movies)
1149,The Last of the Mohicans - James Fenimore Cooper
1150,IT Crowd
1151,The IT Crowd
1152,Invincible (Cartoon 2021)
1153,Teen Titans: Year One
1154,United States Presidency
1155,Ed Edd n Eddy
1156,Bloomsbury Group RPF
1157,West Wing
1158,Life (TV)
1159,Michael Fassbender - Fandom
1160,Band of Brothers (TV 2001)
1161,True Blood
1162,Southern Vampire Mysteries - Charlaine Harris
1163,Generation Kill
1164,Spartacus Series RPF
1165,True Blood RPF
1166,swedish actor rpf
1167,2001: A Space Odyssey (1968)
1168,I Have No Mouth and I Must Scream (Video Game)
1169,I Have No Mouth and I Must Scream - Harlan Ellison
1170,2010: The Year We Make Contact (1984)
1171,Colossus: The Forbin Project (1970)
1172,Electric Dreams (1984)
1173,Marathon (Video Games)
1174,Space Odyssey Series - Arthur C. Clarke
1175,Tau (2018)
1176,WarGames (1983)
1177,Girls (TV)
1178,BlacKkKlansman (2018)
1179,The Kitchen (2019)
1180,Crash Pad (2017)
1181,The Dead Don't Die (2019)
1182,Solaris - All Media Types
1183,Highlander - All Media Types
1184,None - Fandom
1185,The Expendables (Movies)
1186,The Alienist (TV)
1187,Lawrence of Arabia (1962)
1188,The Society (TV 2019)
1189,Westworld (TV)
1190,Suicide Squad (Movies 2016 2021)
1191,The Terror (TV 2018)
1192,Man From U.N.C.L.E.
1193,天官赐福 | Heaven Official's Blessing (Cartoon)
1194,Tatort
1195,The Professionals (TV 1977)
1196,Stargate Universe
1197,富豪刑事 Balance:UNLIMITED | Fugou Keiji: Balance:Unlimited (Anime)
1198,Gotham (TV)
1199,Kommissar Rex | Inspector Rex | Il commissario Rex
1200,Invisible Man (TV 2000)
1201,Sliders
1202,The Man From U.N.C.L.E.
1203,Lost Boys (Movies)
1204,Blade (Movie Series)
1205,The Lost Boys (Movies)
1206,The Perks of Being a Wallflower - All Media Types
1207,The Mummy Series
1208,The Martian - All Media Types
1209,The Martian - Andy Weir
1210,Apollo 13 (1995)
1211,Interstellar (2014)
1212,Gravity (2013)
1213,Europa Report (2013)
1214,Contact (1997)
1215,RuPaul's Drag Race (US) RPF
1216,RuPaul's Drag Race UK RPF
1217,Throne of Glass Series - Sarah J. Maas
1218,悪魔城ドラキュラ | Castlevania Series
1219,Dear Evan Hansen - Pasek &amp; Paul/Levenson
1220,Rusty Quill Gaming (Podcast)
1221,IT (1990)
1222,The Book of Mormon - Parker/Stone/Lopez
1223,The Book of Mormon - Ambiguous Fandom
1224,Outlast (Video Games)
1225,Outlast Whistleblower
1226,Outlast: Whistleblower - Fandom
1227,The Dark Knight Rises
1228,DC Cinematic Universe
1229,DuckTales (Cartoon 2017)
1230,学園ベビーシッターズ | Gakuen Babysitters
1231,Book of Life (2014)
1232,时光代理人 | Link Click (Cartoon)
1233,Black Clover - Tabata Yuki (Anime &amp; Manga)
1234,The Legend of Zelda: Hyrule Warriors
1235,The Legend of Zelda: Skyward Sword
1236,The Legend of Zelda: Twilight Princess
1237,fast &amp; furious spy racers
1238,憂国のモリアーティ | Yuukoku no Moriarty | Moriarty the Patriot (Manga)
1239,신의 탑 | Tower of God
1240,默读 - priest | The Light in the Night - priest
1241,Diary of a Future President (TV)
1242,Dreamsmp (Web Series)
1243,Pocket Monsters | Pokemon (Main Video Game Series)
1244,Dangan Ronpa
1245,타인은 지옥이다 | Strangers From Hell (TV)
1246,Great Pretender (Anime)
1247,Over the Garden Wall (Cartoon)
1248,마이 네임 | My Name
1249,Wolf 359 (Radio)
1250,Psychopath Diary (TV)
1251,Anita Blake: Vampire Hunter - Laurell K. Hamilton
1252,Bishoujo Senshi Sailor Moon | Pretty Guardian Sailor Moon (Anime &amp; Manga)
1253,Pocket Monsters: Diamond &amp; Pearl &amp; Platinum | Pokemon Diamond Pearl Platinum Versions
1254,더 게이머 | The Gamer (Webcomic)
1255,Gordon Ramsay - Fandom
1256,내가 키운 S급들 - 근서 | S-Classes that I Raised - Geunseo
1257,Star Wars: Rebellion Era - All Media Types
1258,Fullmetal Alchemist (Anime 2003)
1259,Iron Fey Series - Julie Kagawa
1260,Slayers (Anime &amp; Manga)
1261,Pet Shop of Horrors
1262,Persona 2
1263,極主夫道 | Gokushufudou | The Way of the House Husband (Manga)
1264,Temeraire - Naomi Novik
1265,Durarara!!
1266,The Song of the Lioness - Tamora Pierce
1267,Mahou Shoujo Madoka Magika | Puella Magi Madoka Magica
1268,The Grandmaster of Demonic Cultivation
1269,The Founder of Diabolism
1270,His Dark Materials - Philip Pullman
1271,Code Geass
1272,Descendants (Disney Movies)
1273,Scion (Tabletop RPG)
1274,Pokemon Colosseum
1275,Pokemon XD: Gale of Darkness
1276,The Legend of Zelda: The Minish Cap
1277,ポケモンＸＤ 闇の旋風ダーク・ルギア | Pokémon XD Yami no Kaze Dark Lugia | Pokemon XD: Gale of Darkness
1278,Journey (Video Game 2012)
1279,Vocaloid
1280,Pocket Monsters: Sword &amp; Shield | Pokemon Sword &amp; Shield Versions
1281,Gargoyles (Cartoon)
1282,異世界はスマートフォンとともに | Isekai wa Smartphone to Tomo ni | In Another World With My Smartphone (Anime)
1283,Star Wars Episode I: The Phantom Menace
1284,Fargo (2014)
1285,MS Paint Adventures
1286,Problem Sleuth (Webcomic)
1287,Re-Animator (Movies)
1288,Fallout (Video Games)
1289,Fallout 4
1290,Team Fortress 2
1291,BioShock
1292,Red Dead Redemption (Video Games)
1293,possibly more to be added we'll see
1294,Hunger Games Series - All Media Types
1295,The Hunger Games (Movies)
1296,Death Note
1297,"ハイパープロジェクション演劇「ハイキュー!!」| Hyper Projection Play ""Haikyuu!!"" RPF"
1298,Dreamwastaken
1299,dream - Fandom
1300,maybe if we tag it enough ao3 will make it a fandom
1301,DreamWasTaken - Fandom
1302,Sword Art Online
1303,Meitantei Conan | Case Closed
1304,xxxHoLic
1305,그랜드체이스 | Grand Chase (Video Game)
1306,後宫甄嬛传 | The Legend of Zhen Huan (TV)
1307,Sword Art Online (Anime &amp; Manga)
1308,全职高手 | The King's Avatar (Cartoon)
1309,Strange Magic (2015)
1310,Jurassic Park - All Media Types
1311,Fullmetal Alchemist
1312,Alien: Resurrection (1997)
1313,Gundam Wing
1314,Saiyuki
1315,DCU (Animated)
1316,어느날 공주가 되어버렸다 | Who Made Me A Princess (Webcomic)
1317,崩坏3rd | Honkai Impact 3rd (Video Game)
1318,Subarashiki Kono Sekai | The World Ends With You
1319,Avengers: Endgame - Fandom
1320,Avengers: Infinity War - Fandom
1321,Granblue Fantasy (Video Game)
1322,Spinning Silver - Naomi Novik
1323,Death Note (Movies)
1324,Death Note: Another Note
1325,流星のロックマン | Mega Man Star Force
1326,Rockman | Mega Man - All Media Types
1327,Yu-Gi-Oh! - All Media Types
1328,Slam Dunk
1329,乙女ゲームの破滅フラグしかない悪役令嬢に転生してしまった… - 山口悟 | My Next Life as a Villainess - Yamaguchi Satoru (Light Novels)
1330,乙女ゲームの破滅フラグしかない悪役令嬢に転生してしまった… | My Next Life as a Villainess (Anime)
1331,乙女ゲームの破滅フラグしかない悪役令嬢に転生してしまった… | My Next Life as a Villainess (Manga)