僕のヒーローアカデミア | Boku no Hero Academia | My Hero Academia
Haikyuu!!
Naruto
Shingeki no Kyojin | Attack on Titan
Miraculous Ladybug
Harry Potter - J. K. Rowling
Star Wars - All Media Types
Sherlock Holmes & Related Fandoms
TOLKIEN J. R. R. - Works & Related Fandoms
Dragon Age - All Media Types
Marvel
DCU
The Avengers (Marvel) - All Media Types
Captain America - All Media Types
Real Person Fiction
Video Blogging RPF
Actor RPF
Voltron: Legendary Defender
Minecraft (Video Game)
Marvel Cinematic Universe
K-pop
방탄소년단 | Bangtan Boys | BTS
Music RPF
One Direction (Band)
Bandom
Original Work
Doctor Who & Related Fandoms
Les Misérables - All Media Types
Hamilton - Miranda
Newsies - All Media Types
Be More Chill - Iconis/Tracz
Bishoujo Senshi Sailor Moon | Pretty Guardian Sailor Moon
Supernatural
Final Fantasy Series
Greek and Roman Mythology
Biohazard | Resident Evil (Gameverse)
Resident Evil
Resident Evil The Village
Lore Olympus (Webcomic)
鬼滅の刃 | Demon Slayer: Kimetsu no Yaiba (Anime)
鬼滅の刃 | Kimetsu no Yaiba (Manga)
Percy Jackson and the Olympians - Rick Riordan
Teen Wolf (TV)
teen wolf - Fandom
The Mummy
The Mummy Returns (2001)
魔入りました! 入間くん | Mairimashita! Iruma-kun | Welcome to Demon School! Iruma-kun (Manga)
백작가의 망나니가 되었다 - 유려한 | Trash of the Count's Family - Yulyeohan
Yu-Gi-Oh! Zexal
Yugioh
Yu-Gi-Oh! Duel Monsters (Anime &amp; Manga)
전지적 독자 시점 - 싱숑 | Omniscient Reader - Sing-Shong
呪術廻戦 | Jujutsu Kaisen (Manga)
呪術廻戦 | Jujutsu Kaisen (Anime)
Formula 1 RPF
Winx Club
Shameless (US)
地縛少年花子くん | Jibaku Shounen Hanako-kun | Toilet-bound Hanako-kun (Manga)
地縛少年花子くん | Jibaku Shounen Hanako-kun | Toilet-bound Hanako-kun (Anime)
Star Wars Sequel Trilogy
Pocket Monsters | Pokemon (Anime)
One Piece
Katekyou Hitman Reborn!
Pocket Monsters | Pokemon - All Media Types
Dragon Ball
文豪ストレイドッグス | Bungou Stray Dogs
Spider-Man (Tom Holland Movies)
Spider-Man - All Media Types
原神 | Genshin Impact (Video Game)
終わりのセラフ | Owari no Seraph | Seraph of the End
Dream SMP - Fandom
X-Men: First Class (2011) - Fandom
X-Men: Days of Future Past (2014) - Fandom
Star Wars Prequel Trilogy
Star Wars Original Trilogy
Sherlock (TV)
Sherlock Holmes &amp; Related Fandoms
Avatar: The Last Airbender
Agents of S.H.I.E.L.D. (TV)
Black Widow (Movie 2021)
The Avengers (Marvel Movies)
Dream SMP -Fandom
Origins SMP - Fandom
Captain America (Movies)
Fire Emblem: Fuukasetsugetsu | Fire Emblem: Three Houses
Fire Emblem Series
魔道祖师 - 墨香铜臭 | Módào Zǔshī - Mòxiāng Tóngxiù
陈情令 | The Untamed (TV)
Dream SMP-Fandom
東京卍リベンジャーズ | Tokyo Revengers (Manga)
東京卍リベンジャーズ | Tokyo Revengers (Anime)
RWBY
SK8 the Infinity (Anime)
Fruits Basket
Fruits Basket (Anime 2019)
Fruits Basket - Takaya Natsuki (Manga)
Given (Manga)
Given (Anime)
Yuri!!! on Ice (Anime)
ジョジョの奇妙な冒険 | JoJo no Kimyou na Bouken | JoJo's Bizarre Adventure
Glee
Harry Potter and the Cursed Child - Thorne &amp; Rowling
Harry Potter RPF
Harry Potter: Hogwarts Mystery (Video Game)
The Heroes of Olympus - Rick Riordan
The Trials of Apollo - Rick Riordan
Ancient Greek Religion &amp; Lore
EXO (Band)
Persona 5
Persona Series
EXO
TOMORROW X TOGETHER | TXT (Korea Band)
Stray Kids (Band)
Banana Fish (Anime &amp; Manga)
Chainsaw Man (Manga)
Stargate SG-1
Daredevil (TV)
Deadpool - All Media Types
The Punisher (TV 2017)
9-1-1 (TV)
人渣反派自救系统 - 墨香铜臭 | The Scum Villain's Self-Saving System - Mòxiāng Tóngxiù
Iron Man (Movies)
All For The Game - Nora Sakavic
Danny Phantom
Dreaming of Sunshine - Silver Queen
Terminator: Dark Fate (2019)
Percy Jackson and the Olympians &amp; Related Fandoms - All Media Types
Magnus Chase and the Gods of Asgard - Rick Riordan
RIORDAN Rick - Works
The Demigod Diaries - Rick Riordan
A Song of Ice and Fire - George R. R. Martin
Game of Thrones (TV)
Naruto Shippuden
Fullmetal Alchemist: Brotherhood &amp; Manga
Fullmetal Alchemist - All Media Types
Akatsuki no Yona | Yona of the Dawn
The Walking Dead (TV)
名探偵コナン | Detective Conan | Case Closed
Magic Kaito
Fate/Zero
Fate/stay night &amp; Related Fandoms
DCU (Comics)
Batman - All Media Types
Xenoblade Chronicles 2 (Video Game)
Xenoblade Chronicles
Cthulhu Mythos - H. P. Lovecraft
The Kane Chronicles - Rick Riordan
Bloodborne (Video Game)
Harry Potter - Fandom
The Hobbit - J. R. R. Tolkien
The Lord of the Rings - J. R. R. Tolkien
Yu-Gi-Oh!
Evolve (Video Game)
John Wick (Movies)
Addams Family - All Media Types
Thor (Movies)
Norse Religion &amp; Lore
Boruto: Naruto Next Generations
Justice League - All Media Types
Superman - All Media Types
Injustice: Gods Among Us
Justice League &amp; Justice League Unlimited (Cartoons)
Green Lantern (Comics)
Green Lantern - All Media Types
Hal Jordan and the Green Lantern Corps (Comics)
Batman (Comics)
Batman Eternal (Comics)
Hetalia: Axis Powers
19th Century CE RPF
18th Century CE RPF
American Revolution RPF
Turn (TV 2014)
Historical RPF
Bleach
幽☆遊☆白書 | YuYu Hakusho: Ghost Files
The Silmarillion and other histories of Middle-Earth - J. R. R. Tolkien
Kingdom Hearts
Kingdom Hearts (Video Games)
Final Fantasy VII (Video Game 1997)
Final Fantasy VII Remake (Video Game 2020)
Peaky Blinders (TV)
ATEEZ (Band)
The Boyz (Korea Band)
Far Cry 5
The Walking Dead &amp; Related Fandoms
The Walking Dead - All Media Types
Gintama
하루만 네가 되고 싶어 | I Want to Be You Just For a Day (Webcomic)
魔道祖师 | Módào Zǔshī (Cartoon)
魔道祖师 - 墨香铜臭 | Módào Zǔshī - Mò
天官赐福 - 墨香铜臭 | Tiān Guān Cì Fú - Mòxiāng Tóngxiù
Tales of Zestiria
穿書自救指南
Agent Carter (TV)
Merlin (TV)
Hockey RPF
Julie and The Phantoms (TV)
Red Robin (Comics)
The Mummy (2017)
Jessica Jones (TV)
Star Wars: The Clone Wars (2008) - All Media Types
Assassin's Creed - All Media Types
Marvel (Comics)
Marvel 616
Moon Knight (Comics)
Star Wars Episode VII: The Force Awakens (2015)
Top Gun (1986)
Star Wars: Clone Wars (2003) - All Media Types
Wiedźmin | The Witcher (Video Game)
Wiedźmin | The Witcher - All Media Types
Wiedźmin | The Witcher Series - Andrzej Sapkowski
Vikings (TV)
ワンパンマン | One-Punch Man
나 혼자만 레벨업 | Solo Leveling (Webcomic)
나 혼자만 레벨업 - 추공 | Solo Leveling | Only I Level Up - Chu-Gong
Hunter X Hunter
穿书自救指南 | Scumbag System (Cartoon)
Star Trek: Alternate Original Series (Movies)
Fantastic Beasts and Where to Find Them (Movies)
全职高手 - 蝴蝶蓝 | Quánzhí Gāoshǒu - Húdié Lán
Movie 2: Fantastic Beasts: The Crimes of Grindelwald - Fandom
better luck next time - Fandom
Phandom/The Fantastic Foursome (YouTube RPF)
Blue Period (Manga)
Blue Period (Anime)
Arthurian Mythology
陈情令 | The Untamed (TV) RPF
Fruits Basket (Anime)
Fairy Tail
Buffy the Vampire Slayer
Buffy the Vampire Slayer (TV)
Stranger Things (TV 2016)
The Hobbit - All Media Types
The Incredible Hulk (2008)
Deadpool (Movieverse)
Titans (TV 2018)
Teen Titans (Animated Series)
Coraline (2009)
Ben 10 Series
Generator Rex
Ultimate Spider-Man (Cartoon 2012)
Anne with an E (TV)
Anne of Green Gables - L. M. Montgomery
Powerpuff Girls
Young Justice (Cartoon)
Young Justice
Young Justice - All Media Types
Infinity Train (Cartoon)
Gravity Falls
Monster High
The Hollow (Cartoon)
Compilation of Final Fantasy VII
Crisis Core: Final Fantasy VII
Final Fantasy VII: Advent Children
Dirge of Cerberus: Final Fantasy VII
Before Crisis: Final Fantasy VII
On The Way To A Smile: Final Fantasy VII
Final Fantasy VII Lateral Biography: TURKS ~The Kids Are Alright~ - Nojima Kazushige
Final Fantasy VII: Painting the Past - Nojima Kazushige
Avatar: Legend of Korra
Lego Ninjago
Uncharted (Video Games)
Spider-Man: Homecoming (2017)
The Legend of Zelda &amp; Related Fandoms
Linked Universe - Fandom
The Legend of Zelda: Breath of the Wild
The Falcon and the Winter Soldier (TV)
Mystic Messenger (Video Game)
斉木楠雄のΨ難 | Saiki Kusuo no Sai-nan | The Disastrous Life of Saiki K.
Heroes of Olympus - Rick Riordan
Stranger Things - Fandom
Nanami Kento stans
Merlin (BBC)
Kyou Kara Maou!
Free!
Ranma 1/2
Hannibal (TV)
Hannibal - Fandom
Hannibal Lecter Series - All Media Types
A Court of Thorns and Roses Series - Sarah J. Maas
High School Musical: The Musical: The Series (TV)
Batman: The Animated Series
Black Widow (Movie 2020)
She-Ra and the Princesses of Power (2018)
She-Ra and the Princesses of Power
She-Ra: Princess Of Power
She-Ra - All Media Types
Atypical (TV 2017)
One Day at a Time (TV 2017)
Pitch Perfect (Movies)
Power Rangers (2017)
Wynonna Earp (TV)
Supergirl (TV 2015)
Booksmart (2019)
Mortal Instruments Series - Cassandra Clare
The Umbrella Academy (TV)
The Umbrella Academy (Comics)
20th Century CE RPF
Riverdale (TV 2017)
The Owl House (Cartoon)
Wolfstar - Fandom
Outlander Series - Diana Gabaldon
Outlander (TV)
Outlander &amp; Related Fandoms
Lord John Series - Diana Gabaldon
Black Sails
Outlander
Bandolera
ダイヤのA | Daiya no A | Ace of Diamond
Kuroko no Basuke | Kuroko's Basketball
X-Men (Movies)
Spider-Man: Far From Home
Dragon Age: Inquisition
The Hobbit (Jackson Movies)
Peter Pan - J. M. Barrie
Dragon Age (Video Games)
Dragon Age II
A Song of Ice and Fire &amp; Related Fandoms
The Lord of the Rings - All Media Types
Rogue One: A Star Wars Story (2016)
Doctor Who (2005)
Star Wars Episode VII: The Force Awakens
Star Wars Episode VIII: The Last Jedi
The OA (TV)
The Folk of the Air - Holly Black
Pirates of the Caribbean (Movies)
Victoria (TV)
Vicbourne - Fandom
lord melbourne - Fandom
Elementary (TV)
Aladdin (1992)
Peter Pan (2003)
Pride and Prejudice - Jane Austen
AUSTEN Jane - Works
Dark Knight Rises (2012)
Boku no Hero Academia Vigilantes
Batman and Robin (Comics)
Nightwing (Comics)
Midnight Poppy Land (Webcomic)
anime - Fandom
Manga - Fandom
殺戮の天使 | Satsuriku no Tenshi (Video Game)
殺戮の天使 | Satsuriku no Tenshi | Angels of Death (Anime)
殺戮の天使 | Satsuriku no Tenshi | Angels of Death (Manga)
Star Wars Episode VIII: The Last Jedi (2017)
James Bond (Craig Movies)
James Bond (Movies)
Skyfall (2012) - Fandom
Spooks | MI-5
X-Men (Movieverse)
James Bond - All Media Types
Criminal Minds (US TV)
NCIS
Resident Evil (Movieverse)
Suits (US TV)
White Collar
Midnight Mass (TV)
Star Trek: The Original Series
Star Trek
Star Trek: Strange New Worlds
Star Trek: Discovery
The Avengers (2012)
The Sandman
The Grisha Trilogy - Leigh Bardugo
Marvel (Movies)
Star Wars: The Rise of Skywalker
Star Wars: The Last Jedi (2017)
Angel: the Series
Lucifer (TV)
Rome (TV 2005)
Firefly
The Mandalorian (TV)
The Witcher (TV)
Bones (TV)
Marvel Avengers Movies Universe
Law &amp; Order: SVU
Rhett &amp; Link
Phantom of the Opera - Lloyd Webber
Le Fantôme de l'Opéra | Phantom of the Opera &amp; Related Fandoms
Ouran High School Host Club - All Media Types
Le Fantôme de l'Opéra | Phantom of the Opera - Gaston Leroux
Lord of the Rings - J. R. R. Tolkien
Chronicles of Narnia - C. S. Lewis
MCU
Deadpool (2016)
X-Men (Alternate Timeline Movies)
SPECTRE (2015)
Sherlock Holmes - Arthur Conan Doyle
Cookie Run (Video Game)
Detective Conan
Minecraft: Story Mode - Fandom
White Collar (TV 2009)
Big Hero 6 (2014)
Tasertricks - Fandom
Black Panther (2018)
Black Widow (Comics)
Captain Marvel (2019)
Captain Marvel (Marvel Comics)
Iron Man (Comics)
Kuroshitsuji | Black Butler
two two one bravo baker - Fandom
Two Two One Bravo Baker Series
The Hobbit
The Hobbit (2012)
Warhammer 40k (Novels) - Various Authors
Horus Heresy - Various Authors
Warhammer 40.000
The Lord of the Rings (Movies)
Critical Role (Web Series)
Stormlight Archive - Brandon Sanderson
The Alloy of Law - Brandon Sanderson
Cosmere - Brandon Sanderson
Fandom - Fandom
No Fandom
Good Omens (TV)
Doctor Strange (2016)
Loki (TV 2021)
Marvel Dr. Strange
Red White &amp; Royal Blue - Casey McQuiston
山河令 | Word of Honor (TV 2021)
Detroit: Become Human (Video Game)
Rise of the Guardians (2012)
Sherlock (TV) RPF
Supernatural RPF
Eternals (Movie 2021)
IT - Stephen King
IT (2019)
X-Men - All Media Types
It Happened One Night (1934)
Sherlock - Fandom
Stardew Valley (Video Game)
Creepypasta - Fandom
The Texas Chainsaw Massacre (Movies)
Dead by Daylight (Video Game)
Phantom - Susan Kay
Transformers - All Media Types
Julie and The Phantoms (TV 2020)
Twilight
Twilight Series - Stephenie Meyer
SEVENTEEN (Band)
TOLKIEN J. R. R. - Works &amp; Related Fandoms
Star Trek (2009)
The Song of Achilles - Madeline Miller
Squid Game (TV 2021)
Shadowhunters (TV)
The Shadowhunter Chronicles - All Media Types
The Shadowhunter Chronicles - Cassandra Clare
Avengers (Comics)
Batman (Movies - Nolan)
Amazing Spider-Man (2012)
Venom (Movie 2018)
天盛长歌 | The Rise of Phoenixes (TV)
乱魄 | Fatal Journey (2020)
Tsubasa: Reservoir Chronicle
Pride and Prejudice &amp; Related Fandoms
Criminal Minds
Quantum Leap
Alien vs Predator (2004)
Predator Original Series (1987-1990)
Predators (2010)
Aliens vs Predators Series - Various Authors
Twilight (Movies)
Twilight Series - All Media Types
step - Fandom
Hermitcraft RPF
Hermitcraft
Suits (TV)
Brokeback Mountain (2005)
Brokeback Mountain - All Media Types
Brokeback Mountain - Annie Proulx
Merlin - Fandom
Life and Death - Stephenie Meyer
Fast and the Furious Series
Kingsman: The Secret Service (2015)
The Fast and the Furious (2001)
Iron Man - All Media Types
Captain America (Comics)
山河令 | Word of Honor (TV 2021) RPF
Dragon Age
Dragon Age 4 (speculations)
Veronica Mars (TV)
Veronica Mars (Movie 2014)
Veronica Mars - All Media Types
Dragon Age: Origins
Gilmore Girls
The Magnus Archives (Podcast)
The Penumbra Podcast
The Adventure Zone (Podcast)
Elder Scrolls V: Skyrim
Elder Scrolls
Spartacus Series (TV)
Star Trek: Deep Space Nine
Chronicles of Narnia - All Media Types
Doctor Who
Mass Effect
The Sentinel
Smallville
Highlander
Good Omens - Neil Gaiman &amp; Terry Pratchett
Guardians of the Galaxy (Movies)
Mass Effect Trilogy
Mass Effect - All Media Types
Dragon Age - Various Authors
Mass Effect 2 - Fandom
Harry Potter - Rowling
Star Wars Legends - All Media Types
Final Fantasy VII
Final Fantasy XV
Final Fantasy VIII
Final Fantasy XIII Series
Lightning Returns: Final Fantasy XIII
Gyakuten Saiban | Ace Attorney
Отблески Этерны - Вера Камша | Otbleski Eterny - Vera Kamsha
天涯客 | Faraway Wanderers - priest
Men's Hockey RPF
Multi-Fandom
七爷 | Qi Ye - priest
Death Note (Anime &amp; Manga)
Honestly It's Just Set In Gotham
Choose whichever continuity fits best in your head
Mass Effect: Andromeda
GreedFall (Video Game)
Dishonored (Video Games)
Assassin's Creed
Dishonored (Video Game)
Castlevania (Cartoon)
Leverage
Fake News
Star Wars
The Avengers - Ambiguous Fandom
Captain America
Roswell New Mexico (TV 2019)
Vampire Diaries (TV)
Shadow and Bone (TV)
The Vampire Diaries (TV)
Klaroline - Fandom
Night at the Museum (Movies)
Night at the Museum (2006 2009)
How to Train Your Dragon (Movies)
Hawkeye (Comics)
Hawkguy - Fandom
Six of Crows Series - Leigh Bardugo
ビースターズ | BEASTARS
The Walking Dead (Video Game)
Hell's Kitchen (US TV) RPF
Hotel Hell RPF
MasterChef (US) RPF
MasterChef (TV) RPF
MasterChef (UK) RPF
Deadpool (Comics)
Spider-Man (Comicverse)
Among Us (Video Game)
spideypool - Fandom
The Amazing Spider-Man (Movies - Webb)
Carry On Series - Rainbow Rowell
Venom (Marvel Movies)
Spider-Man/Deadpool - Joe Kelly (Comics)
Cable and Deadpool
Frozen (Disney Movies)
Batman v Superman: Dawn of Justice
DC Extended Universe
DCEU
Justice League (2017)
1917 (Movie 2019)
Dunkirk (2017)
Ghosts (TV 2019)
Winter Soldier (Comics)
Iron Man (Comic)
Check Please! (Webcomic)
The Martian (2015)
Original - Fandom
Knives Out (2019)
Thor (2011)
Maleficent (Disney Movies)
Ant-Man (Movies)
Phineas and Ferb
Phineas and Ferb the Movie: Across the 2nd Dimension (2011)
镇魂 | Guardian (TV)
镇魂 | Guardian - priest
人渣反派自救系统 - 墨香铜臭 | The Scum Villain's Self-Saving System - Mòxiāng Tóngshiù
The Scum Villain's Self-Saving System (人渣反派自救系统)
Warcraft - All Media Types
World of Warcraft
Stargate Atlantis
9-1-1: Lone Star (TV 2020)
JAG
The Sentinel (TV)
Various Fandoms - Fandom
Psych
Hawaii Five-0 (2010)
Parahumans Series - Wildbow
Digimon - All Media Types
Neon Genesis Evangelion
Birds of Prey (Comic)
Injustice 2
Superman (Comics)
Booster Gold (Comics)
Persona 4
Persona 3
Gor Chronicles - John Norman
Star Wars: The Bad Batch (Cartoon)
Star Wars: Rebels
Nier Gestalt | Nier
NieR Gestalt | NieR Replicant | NieR (Video Games)
Star Wars Legends: Knights of the Old Republic (Video Games)
Drag-On Dragoon | Drakengard
NieR: Automata (Video Game)
Dimension 20 (Web Series)
Birds of Prey (And the Fantabulous Emancipation of One Harley Quinn) (2020)
Harley Quinn (Cartoon 2019)
Teen Titans - All Media Types
Wonder Woman - All Media Types
Superman &amp; Lois (TV 2021)
Batman: Wayne Family Adventures (Webcomic)
Arrow (TV 2012)
World's Finest (Comics)
逆転裁判 | Gyakuten Saiban | Ace Attorney
IT (Movies - Muschietti)
二哈和他的白猫师尊 - 肉包不吃肉 | The Husky and His White Cat Shizun - Meatbun Doesn't Eat Meat
Welcome to Night Vale
Fantastic Four (Movies 2005-2007)
Thor - All Media Types
Cyberpunk 2077 (Video Game)
DC - Fandom
Kushiel's Legacy - Jacqueline Carey
Kings (TV 2009)
Red Hood and the Outlaws (Comics)
Under the Red Hood
Worm - Fandom
Celtic Mythology
Chinese Mythology
Irish Mythology
Japanese Mythology
Mesopotamian Mythology
Native American/First Nations Mythology
Slavic Mythology &amp; Folklore
DCU - Comicverse
Teen Titans (Comics)
Titans (Comics)
Batgirl (Comics)
Batman: Under the Red Hood (2010)
Detective Comics (Comics)
Robin (Comics)
The Maze Runner (Movies)
The Maze Runner Series - All Media Types
The Maze Runner Series - James Dashner
Inception (2010)
Star Wars Legends: X-Wing Series - Aaron Allston &amp; Michael Stackpole
Star Wars Legends: X-wing Series - All Media Types
Jurassic Park (Movies)
Young Avengers
Hark! A Vagrant
Fantastic Four (Comicverse)
Community
Inspector Spacetime
Beauty and the Beast (1991)
Black Books
Alex Rider - Anthony Horowitz
99 Red Balloons (Song)
Star Wars: New Jedi Order Era - Various
Pandemic
Buzzfeed Unsolved (Web Series)
Calvin &amp; Hobbes
Fate/Grand Order
Jumpchain
Dark Souls III
Dark Souls (Video Games)
Worm - Wildbow
DC Elseworlds
Constantine (Comic)
American Dragon: Jake Long
Randy Cunningham: 9th Grade Ninja
Xiaolin Showdown (Cartoon)
Fairly OddParents
The Spectacular Spider-Man (Cartoon)
Spider-Man (Cartoon 2017)
Helluva Boss (Web Series)
Iron Man - Fandom
Marevel Universe
Marvel Universe - Fandom
The Defenders (Marvel TV)
Sweater Weather - Lumosinlove
Star Wars Legends: Jedi Apprentice Series - Jude Watson &amp; Dave Wolverton
Cabin Pressure
Ex Machina (2015)
Richard III - Shakespeare
The Musketeers (2014)
This Is Where I Leave You (2014)
Star Wars Episode III: Revenge of the Sith
Captain America (2011)
The Half of It (2020)
Fantastic Four
Daredevil (Comics)
LinkedUniverse - Fandom
Cinderella (Fairy Tale)
Incel
Virgin vs Chad Meme
악마판사 | The Devil Judge (TV)
Dracula - Bram Stoker
La casa de papel | Money Heist (TV)
Undertale (Video Game)
New Dangan Ronpa V3: Everyone's New Semester of Killing
Dangan Ronpa - All Media Types
Super Dangan Ronpa 2
Escape the Night (Web Series)
Scooby Doo - All Media Types
escape the night - Fandom
Luca (2021)
Boy Meets World
Wizards of Waverly Place
Suite Life of Zack &amp; Cody
Suite Life on Deck
The Originals (TV)
The Vampire Diaries &amp; Related Fandoms
Legacies (TV 2018)
大神 | Okami
Sally Face (Video Games)
DreamSMP
mcyt
Dream SMP (Video Blogging RPF)
DSMP - Fandom
ヴァ二タスの手記 - 望月淳 | Vanitas no Carte | The Case Study of Vanitas - Mochizuki Jun (Manga)
Shall We Date?: Obey Me!
Death Note &amp; Related Fandoms
Transformers: Prime
Teenage Mutant Ninja Turtles (TV 2003)
Teenage Mutant Ninja Turtles - All Media Types
Hades (Video Game 2018)
Merlin BBC
Dream SMP (Roleplay Canon)
Dream Team RPF
dreamnotfound - Fandom
karlnap - Fandom
Tokyo Ghoul
Assassination Classroom
The Batman (Cartoon)
Green Arrow - All Media Types
Haitian Mythology
Hannibal Lecter Tetralogy - Thomas Harris
Tokyo Mew Mew
Mew Mew Power
Good Omens (Radio)
"תנ""ך | Tanakh"
Christian Bible (Old Testament)
Mesopotamian RPF
Diabolik Lovers
Overwatch (Video Game)
Spider-Man: Into the Spider-Verse (2018)
Arthurian Mythology &amp; Adaptations - All Media Types
Villainous (Cartoon)
Villainous
Five Nights at Freddy's
Steven Universe (Cartoon)
Dreaming of Sunshine
DoS - Fandom
Deltarune (Video Game)
LISA (Video Games)
LISA: The Pointless
Ever After High
OMORI (Video Game)
Jurassic World: Camp Cretaceous (Cartoon)
Dark Tower - Stephen King
Voltron - Fandom
vld - Fandom
Voltron: Defender of the Universe (1984)
Young Royals (TV 2021)
The Last of Us
Harley Quinn (Comics)
Suicide Squad (2016)
Suicide Squad (Comics)
Adam (2009)
Charlie Countryman (2013)
Inglourious Basterds (2009)
King Arthur (2004)
Labyrinth (1986)
Red Dragon - Thomas Harris
Red Hood: Lost Days
Supernatural RPS
Fantastic Four (Movieverse)
Cemetery Boys - Aiden Thomas
Voltron: Defender of the Universe
Raven Cycle - Maggie Stiefvater
Game Grumps
GOT7
Stardust - All Media Types
Trollhunters (Cartoon)
Final Space (Cartoon)
resident evil village
Minecraft - Fandom
Dream SMP (Fandom)
Rick and Morty
Outer Banks (TV)
Peaky Blinders
The Boys (TV 2019)
Pathfinder (Roleplaying Game)
Dungeons &amp; Dragons - All Media Types
Dungeons &amp; Dragons (Roleplaying Game)
盗墓笔记 - 南派三叔 | The Grave Robbers' Chronicles - Xu Lei
沙海 | Tomb of the Sea (TV)
盗墓笔记重启 | The Lost Tomb Reboot (TV)
怒海潜沙&amp;秦岭神树 | Explore with the Note &amp; The Lost Tomb (TV)
盗墓笔记 | The Lost Tomb (TV 2015)
终极笔记 | Ultimate Note (TV)
My Chemical Romance
Gerard Way - Fandom
Stigmata (1999)
TXT (Korea Band)
BLACKPINK (Band)
Mamamoo
The Academy Is...
Cobra Starship
Panic! at the Disco
Fall Out Boy
Black Veil Brides
Gerard Way and the Hormones
frnkiero andthe cellabration
Bill &amp; Ted (Movies)
Venom (Comics)
Night In The Woods (Video Game)
天空の城ラピュタ | Tenkuu no Shiro Laputa | Laputa: Castle in the Sky
Fantastic Mr. Fox
Back to the Future (Movies)
The Muppet Show
どうぶつの森 | Animal Crossing Series
Falsettos - Lapine/Finn
Comics Industry RPF
Black Parade - My Chemical Romance (Album)
Frank Iero and the Patience
Frank Iero and the FV
Frank Iero and the Future Violents (Band)
Paramore
New Found Glory (Band)
The Used
Frank Iero - Fandom
HIM (Band)
The Social Network (2010)
Social Network (2010)
It's Always Sunny in Philadelphia
Archie Comics &amp; Related Fandoms
Danger Days: The True Lives of the Fabulous Killjoys (Album)
Red Hood/Arsenal (Comics)
Attack on Titan
Saw (Movies)
Panic At The Disco
MCR - Fandom
Pencey Prep
Hesitant Alien - Gerard Way (Album)
Newsies!: the Musical - Fierstein/Menken
Chronicles of Narnia (Movies)
Torchwood
Dead Poets Society (1989)
Zayn Malik (Musician)
One Direction
Fine Line - Harry Styles (Album)
Monsta X (Band)
Grayson (Comics)
Midnighter (Comics)
Midnighter and Apollo (Comics)
The Flash (Comics)
The Flash (TV 2014)
DC's Legends of Tomorrow (TV)
The Maze Runner (2014)
Twenty One Pilots
Downton Abbey
The Magnificent Seven (2016)
Army of the Dead (Movie 2021)
Army of the Dead (Movies 2021)
Fast &amp; Furious (Movies)
Hobbs &amp; Shaw (2019)
빈센조 | Vincenzo (TV)
The World's End (2013)
The Cornetto Trilogy
Dangan Ronpa: Trigger Happy Havoc
Solo: A Star Wars Story (2018)
Star Wars: Rise of Empire Era - All Media Types
Fleabag (TV)
IT (2017)
Rooster Teeth/Achievement Hunter RPF
South Park
FinnPoe - Fandom
Stormpilot - Fandom
All the Young Dudes - Fandom
Day6 (Band)
Watch Dogs (Video Games)
Ohmtoonz - Fandom
Vanoss
Ohmwrecker - Fandom
CaRtOoNz - Fandom
Vanosscrew
Moosnuckle - Fandom
theterroriser
H20DELIRIOUS
Dream Team - Fandom
Life is Strange (Video Game)
Taylor Swift (Musician)
Karlie Kloss - Fandom
Karlie Kloss (Model)
Kaylor - Fandom
Warriors - Erin Hunter
Undertale
Merciful Asriel AU
Super Sons (Comics)
humans are space orcs - Fandom
Over the Garden Wall (Cartoon &amp; Comics)
Metal Family (Cartoon)
InuYasha - A Feudal Fairy Tale
Far Cry (Video Games)
Star Wars Episode II: Attack of the Clones
Dreaming of Sunshine - SilverQueen
Untitled Goose Game (Video Game)
Hunger Games Trilogy - Suzanne Collins
Young Justice (Comics)
The 100 (TV)
Star Wars Legends: Republic Commando Series - Karen Traviss
DreamSMP - Fandom
Minecraft diaries - Fandom
resident evil 8
Resident Evil VIII
Resident Evil: Village
Bendy and the Ink Machine
Feraltale - Alternate Universe
Beasttale - Alternate Universe
Underfell - Fandom
The Transformers (IDW Generation One)
SCP Foundation
Jurassic World (2015)
Hazbin Hotel (Web Series)
Ocean's Eleven Trilogy (Movies) RPF
The Iliad - Homer
Toy Story (1995)
Toy Story (Movies)
Assassin's Creed Odyssey
Tetsuwan Atom | Astro Boy
Pluto (Manga)
Avengers
Superman - Fandom
Amazing Spiderman - Fandom
X-Men
Yu Yu Hakusho
Incredible Hulk (2008)
Kingsman (Movies)
Addams Family (1991)
The Addams Family (Movies)
Dangan Ronpa 3: The End of 希望ヶ峰学園 | The End of Kibougamine Gakuen | End of Hope's Peak High School
British Royalty RPF
Harry Potter - J. K. Remo
infinity war - Fandom
The Flash - All Media Types
進撃の巨人 | Shingeki no Kyojin | Attack on Titan (Movies)
Guardians of the Galaxy - All Media Types
Guardians of the Galaxy (Comics)
Shadowhunter Chronicles - Cassandra Clare
Les Misérables (2012)
Les Misérables - Schönberg/Boublil
Les Misérables - Victor Hugo
The Old Guard (Movie 2020)
The Mortal Instruments Series - Cassandra Clare
If We Were Villains - M.L. Rio
Captive Prince
Captive Prince - C. S. Pacat
Withnail &amp; I (1986)
Withnail &amp; I
Blitz (2011)
Constantine (2005)
Juno Steel - Fandom
What's Your Number? (2011)
six the musical
Phantom of the Opera (2004)
Love Never Dies - Lloyd Webber
Les Miserables
Be More Chill
Spies Are Forever - Talkfine/Tin Can Brothers
ヒプノシスマイク | Hypnosis Mic (Albums)
Johnny's Entertainment
Sexy Zone
American Idol RPF
Stargate - All Series
Sanctuary (TV)
The Blacklist (US TV)
Moana Cast RPF
Hamilton - Miranda (Broadway Cast) RPF
Batman - Fandom
Nightwing - Fandom
Deathstroke the Terminator (Comics)
Pentagon (Korea Band)
潮音战纪 | Chao Yin Zhan Ji
2 Fast 2 Furious (2003)
Succession (TV 2018)
Harry Potter - J.K. Rowling
PIERCE Tamora - Works
Tortall - Tamora Pierce
Person of Interest (TV)
Mad Men
Justified
18th &amp; 19th Century CE RPF
The Exorcist (TV)
Harry Styles - Fandom
Pirates of the Caribbean
Witcher - Fandom
Ao no Exorcist | Blue Exorcist
Coco (2017)
Encanto (2021)
Once Upon a Time (TV)
The Devil Wears Prada (2006)
The Frisco Kid
MASH (TV)
due South
Newsies (1992)
L.A. Confidential (1997)
Jesus Christ Superstar - All Media Types
The West Wing
Monty Python and the Holy Grail (1975)
The Matrix (Movies)
Voyagers! (TV)
Indiana Jones Series
The Greatest American Hero
The Tick (2001)
The A-Team (TV)
Dogma (1999)
The X-Files
Miracles (TV)
Buck Rogers in the 25th Century
From the Earth to the Moon (TV)
Le Voyage dans La Lune | A Trip to the Moon (1902)
Mystery Science Theater 3000
Galaxy Quest (1999)
Battlestar Galactica (1978)
Battlestar Galactica (2003)
The Dead Zone
Hercules: The Legendary Journeys
Twilight Zone
Lost
The Adventures of Buckaroo Banzai Across The 8th Dimension (1984)
Odyssey 5
Max Headroom (TV)
The Invisible Man (TV 2000)
Hair - Fandom
A Clockwork Orange (1971)
Alias (TV)
The Man From U.N.C.L.E. (TV)
Doctor Who (1963)
Monty Python's Flying Circus
The Beatles
Hawaii Five-O (1968)
Sherlock Holmes (1965 TV)
Dark Shadows (1966)
Blake's 7
The Professionals
Starsky &amp; Hutch
Star Wars Episode IV: A New Hope
Star Wars Episode V: Empire Strikes Back
Rocky Horror Picture Show
Led Zeppelin
Star Trek: The Original Series (Movies)
Raffles - E. W. Hornung
Yes Minister
Young Sherlock Holmes (1985)
Batman (Movies 1989-1997)
Miami Vice (TV)
Another Country (1984)
Kiss of the Spider Woman - All Media Types
This is Spinal Tap (1984)
Blade Runner (1982)
Sherlock Holmes (1984 TV)
The Outsiders (1983)
Wiseguy
21 Jump Street (TV)
Lost Boys (1987)
The Goonies (1985)
Red Dwarf
Star Trek: The Next Generation
Alien Nation
The Sandbaggers
Beauty and the Beast (TV 1987)
Princess Bride (1987)
Robin of Sherwood
The Real Ghostbusters
Remington Steele (TV)
3rd Rock from the Sun
Xena: Warrior Princess
Friends (TV)
Oz (TV)
Sports Night
Homicide: Life on the Street
Star Trek: Voyager
Queer as Folk (US)
Hard Core Logo (1996)
Highlander: The Series
Mighty Morphin Power Rangers
Popslash
NSYNC
The Simpsons
Hornblower (TV)
Jeeves &amp; Wooster
Queer as Folk (UK)
The Magnificent Seven (TV)
Farscape
Forever Knight
History Boys (2006)
Band of Brothers
Prison Break
Troy (2004)
The Lord of the Rings RPF
High School Musical (Movies)
Community (TV)
Castle
Sleeper Cell
Heroes (TV)
Robin Hood (BBC 2006)
Legend of the Seeker
Life on Mars (UK)
The L Word
Slings &amp; Arrows
Sherlock Holmes (Downey films)
Fringe
Grey's Anatomy
Top Gear (UK) RPF
Being Human (UK)
The Daily Show
Colbert Report RPF
The Rachel Maddow Show
Anderson Cooper 360
Fake News RPF
Persepolis - Marjane Satrapi
How I Met Your Mother
Terminator: The Sarah Connor Chronicles
Rent - Larson
Dexter (TV)
House M.D.
Bend It Like Beckham (2002)
Om Shanti Om (2007)
The Middleman (TV)
Star Trek: Enterprise
Robin Hood - All Media Types
Doctor Who &amp; Related Fandoms
A Very Potter Musical Series - Team StarKid
Blood Drips on Newsies Square
Harry and the Potters
Star Wars: Revelations
Genghis Khan - Miike Snow (Music Video)
Jonathan Strange &amp; Mr. Norrell - Susanna Clarke
Jonathan Strange &amp; Mr. Norrell (TV)
Jonathan Strange &amp; Mr Norrell - Susanna Clarke
Jonathan Strange &amp; Mr Norrell &amp; Related Fandoms
Homestuck
Babylon 5
Cobra Kai (Web Series)
Karate Kid (Movies)
The Last of the Mohicans - James Fenimore Cooper
IT Crowd
The IT Crowd
Invincible (Cartoon 2021)
Teen Titans: Year One
United States Presidency
Ed Edd n Eddy
Bloomsbury Group RPF
West Wing
Life (TV)
Michael Fassbender - Fandom
Band of Brothers (TV 2001)
True Blood
Southern Vampire Mysteries - Charlaine Harris
Generation Kill
Spartacus Series RPF
True Blood RPF
swedish actor rpf
2001: A Space Odyssey (1968)
I Have No Mouth and I Must Scream (Video Game)
I Have No Mouth and I Must Scream - Harlan Ellison
2010: The Year We Make Contact (1984)
Colossus: The Forbin Project (1970)
Electric Dreams (1984)
Marathon (Video Games)
Space Odyssey Series - Arthur C. Clarke
Tau (2018)
WarGames (1983)
Girls (TV)
BlacKkKlansman (2018)
The Kitchen (2019)
Crash Pad (2017)
The Dead Don't Die (2019)
Solaris - All Media Types
Highlander - All Media Types
None - Fandom
The Expendables (Movies)
The Alienist (TV)
Lawrence of Arabia (1962)
The Society (TV 2019)
Westworld (TV)
Suicide Squad (Movies 2016 2021)
The Terror (TV 2018)
Man From U.N.C.L.E.
天官赐福 | Heaven Official's Blessing (Cartoon)
Tatort
The Professionals (TV 1977)
Stargate Universe
富豪刑事 Balance:UNLIMITED | Fugou Keiji: Balance:Unlimited (Anime)
Gotham (TV)
Kommissar Rex | Inspector Rex | Il commissario Rex
Invisible Man (TV 2000)
Sliders
The Man From U.N.C.L.E.
Lost Boys (Movies)
Blade (Movie Series)
The Lost Boys (Movies)
The Perks of Being a Wallflower - All Media Types
The Mummy Series
The Martian - All Media Types
The Martian - Andy Weir
Apollo 13 (1995)
Interstellar (2014)
Gravity (2013)
Europa Report (2013)
Contact (1997)
RuPaul's Drag Race (US) RPF
RuPaul's Drag Race UK RPF
Throne of Glass Series - Sarah J. Maas
悪魔城ドラキュラ | Castlevania Series
Dear Evan Hansen - Pasek &amp; Paul/Levenson
Rusty Quill Gaming (Podcast)
IT (1990)
The Book of Mormon - Parker/Stone/Lopez
The Book of Mormon - Ambiguous Fandom
Outlast (Video Games)
Outlast Whistleblower
Outlast: Whistleblower - Fandom
The Dark Knight Rises
DC Cinematic Universe
DuckTales (Cartoon 2017)
学園ベビーシッターズ | Gakuen Babysitters
Book of Life (2014)
时光代理人 | Link Click (Cartoon)
Black Clover - Tabata Yuki (Anime &amp; Manga)
The Legend of Zelda: Hyrule Warriors
The Legend of Zelda: Skyward Sword
The Legend of Zelda: Twilight Princess
fast &amp; furious spy racers
憂国のモリアーティ | Yuukoku no Moriarty | Moriarty the Patriot (Manga)
신의 탑 | Tower of God
默读 - priest | The Light in the Night - priest
Diary of a Future President (TV)
Dreamsmp (Web Series)
Pocket Monsters | Pokemon (Main Video Game Series)
Dangan Ronpa
타인은 지옥이다 | Strangers From Hell (TV)
Great Pretender (Anime)
Over the Garden Wall (Cartoon)
마이 네임 | My Name
Wolf 359 (Radio)
Psychopath Diary (TV)
Anita Blake: Vampire Hunter - Laurell K. Hamilton
Bishoujo Senshi Sailor Moon | Pretty Guardian Sailor Moon (Anime &amp; Manga)
Pocket Monsters: Diamond &amp; Pearl &amp; Platinum | Pokemon Diamond Pearl Platinum Versions
더 게이머 | The Gamer (Webcomic)
Gordon Ramsay - Fandom
내가 키운 S급들 - 근서 | S-Classes that I Raised - Geunseo
Star Wars: Rebellion Era - All Media Types
Fullmetal Alchemist (Anime 2003)
Iron Fey Series - Julie Kagawa
Slayers (Anime &amp; Manga)
Pet Shop of Horrors
Persona 2
極主夫道 | Gokushufudou | The Way of the House Husband (Manga)
Temeraire - Naomi Novik
Durarara!!
The Song of the Lioness - Tamora Pierce
Mahou Shoujo Madoka Magika | Puella Magi Madoka Magica
The Grandmaster of Demonic Cultivation
The Founder of Diabolism
His Dark Materials - Philip Pullman
Code Geass
Descendants (Disney Movies)
Scion (Tabletop RPG)
Pokemon Colosseum
Pokemon XD: Gale of Darkness
The Legend of Zelda: The Minish Cap
ポケモンＸＤ 闇の旋風ダーク・ルギア | Pokémon XD Yami no Kaze Dark Lugia | Pokemon XD: Gale of Darkness
Journey (Video Game 2012)
Vocaloid
Pocket Monsters: Sword &amp; Shield | Pokemon Sword &amp; Shield Versions
Gargoyles (Cartoon)
異世界はスマートフォンとともに | Isekai wa Smartphone to Tomo ni | In Another World With My Smartphone (Anime)
Star Wars Episode I: The Phantom Menace
Fargo (2014)
MS Paint Adventures
Problem Sleuth (Webcomic)
Re-Animator (Movies)
Fallout (Video Games)
Fallout 4
Team Fortress 2
BioShock
Red Dead Redemption (Video Games)
possibly more to be added we'll see
Hunger Games Series - All Media Types
The Hunger Games (Movies)
Death Note
"ハイパープロジェクション演劇「ハイキュー!!」| Hyper Projection Play ""Haikyuu!!"" RPF"
Dreamwastaken
dream - Fandom
maybe if we tag it enough ao3 will make it a fandom
DreamWasTaken - Fandom
Sword Art Online
Meitantei Conan | Case Closed
xxxHoLic
그랜드체이스 | Grand Chase (Video Game)
後宫甄嬛传 | The Legend of Zhen Huan (TV)
Sword Art Online (Anime &amp; Manga)
全职高手 | The King's Avatar (Cartoon)
Strange Magic (2015)
Jurassic Park - All Media Types
Fullmetal Alchemist
Alien: Resurrection (1997)
Gundam Wing
Saiyuki
DCU (Animated)
어느날 공주가 되어버렸다 | Who Made Me A Princess (Webcomic)
崩坏3rd | Honkai Impact 3rd (Video Game)
Subarashiki Kono Sekai | The World Ends With You
Avengers: Endgame - Fandom
Avengers: Infinity War - Fandom
Granblue Fantasy (Video Game)
Spinning Silver - Naomi Novik
Death Note (Movies)
Death Note: Another Note
流星のロックマン | Mega Man Star Force
Rockman | Mega Man - All Media Types
Yu-Gi-Oh! - All Media Types
Slam Dunk
乙女ゲームの破滅フラグしかない悪役令嬢に転生してしまった… - 山口悟 | My Next Life as a Villainess - Yamaguchi Satoru (Light Novels)
乙女ゲームの破滅フラグしかない悪役令嬢に転生してしまった… | My Next Life as a Villainess (Anime)
乙女ゲームの破滅フラグしかない悪役令嬢に転生してしまった… | My Next Life as a Villainess (Manga)
